circuit_name,scenario_name,peak_pressure_bar,final_alert,final_rupture_probability_pct,hours_to_rupture,likely_failure_mode
AC_HIGH,MC_RUN_0055,16.446338,NORMAL,0.070780,95.555094,"MonteCarlo degradation"
AC_HIGH,MC_RUN_0110,16.392676,NORMAL,0.068732,95.657325,"MonteCarlo degradation"
AC_HIGH,MC_RUN_0021,16.359511,NORMAL,0.067487,95.720581,"MonteCarlo degradation"
AC_HIGH,MC_RUN_0076,16.305849,NORMAL,0.065506,95.823050,"MonteCarlo degradation"
AC_HIGH,MC_RUN_0042,16.219022,NORMAL,0.062390,95.989162,"MonteCarlo degradation"
AC_HIGH,MC_RUN_0097,16.165360,NORMAL,0.060520,96.092018,"MonteCarlo degradation"
HYD_MAIN,MC_RUN_0055,185.021301,NORMAL,0.059701,55.459602,"MonteCarlo degradation"
HYD_MAIN,MC_RUN_0110,184.417603,NORMAL,0.059589,55.564268,"MonteCarlo degradation"
HYD_MAIN,MC_RUN_0021,184.044497,NORMAL,0.059520,55.629092,"MonteCarlo degradation"
HYD_MAIN,MC_RUN_0076,183.440798,NORMAL,0.059408,55.734200,"MonteCarlo degradation"
AC_HIGH,MC_RUN_0008,16.132195,NORMAL,0.059387,96.155661,"MonteCarlo degradation"
HYD_MAIN,MC_RUN_0042,182.463994,NORMAL,0.059228,55.904850,"MonteCarlo degradation"
HYD_MAIN,MC_RUN_0097,181.860295,NORMAL,0.059116,56.010679,"MonteCarlo degradation"
HYD_MAIN,MC_RUN_0008,181.487189,NORMAL,0.059047,56.076224,"MonteCarlo degradation"
HYD_MAIN,MC_RUN_0063,180.883491,NORMAL,0.058936,56.182502,"MonteCarlo degradation"
HYD_MAIN,MC_RUN_0118,180.279792,NORMAL,0.058825,56.289058,"MonteCarlo degradation"
HYD_MAIN,MC_RUN_0029,179.906686,NORMAL,0.058756,56.355053,"MonteCarlo degradation"
HYD_MAIN,MC_RUN_0084,179.302988,NORMAL,0.058645,56.462062,"MonteCarlo degradation"
HYD_MAIN,MC_RUN_0050,178.326183,NORMAL,0.058466,56.635801,"MonteCarlo degradation"
HYD_MAIN,MC_RUN_0105,177.722485,NORMAL,0.058355,56.743548,"MonteCarlo degradation"
HYD_MAIN,MC_RUN_0016,177.349378,NORMAL,0.058287,56.810280,"MonteCarlo degradation"
HYD_MAIN,MC_RUN_0071,176.745680,NORMAL,0.058176,56.918486,"MonteCarlo degradation"
HYD_MAIN,MC_RUN_0037,175.768875,NORMAL,0.057998,57.094171,"MonteCarlo degradation"
HYD_MAIN,MC_RUN_0092,175.165177,NORMAL,0.057888,57.203125,"MonteCarlo degradation"
HYD_MAIN,MC_RUN_0003,174.792071,NORMAL,0.057820,57.270606,"MonteCarlo degradation"
HYD_MAIN,MC_RUN_0058,174.188372,NORMAL,0.057710,57.380026,"MonteCarlo degradation"
HYD_MAIN,MC_RUN_0113,173.584674,NORMAL,0.057600,57.489735,"MonteCarlo degradation"
AC_HIGH,MC_RUN_0063,16.078533,NORMAL,0.057588,96.258758,"MonteCarlo degradation"
HYD_MAIN,MC_RUN_0024,173.211568,NORMAL,0.057532,57.557684,"MonteCarlo degradation"
HYD_MAIN,MC_RUN_0079,172.607869,NORMAL,0.057423,57.667863,"MonteCarlo degradation"
HYD_MAIN,MC_RUN_0045,171.631065,NORMAL,0.057246,57.846755,"MonteCarlo degradation"
HYD_MAIN,MC_RUN_0100,171.027366,NORMAL,0.057136,57.957701,"MonteCarlo degradation"
HYD_MAIN,MC_RUN_0011,170.654260,NORMAL,0.057069,58.026416,"MonteCarlo degradation"
HYD_MAIN,MC_RUN_0066,170.050562,NORMAL,0.056960,58.137838,"MonteCarlo degradation"
HYD_MAIN,MC_RUN_0032,169.073757,NORMAL,0.056784,58.318751,"MonteCarlo degradation"
HYD_MAIN,MC_RUN_0087,168.470059,NORMAL,0.056675,58.430950,"MonteCarlo degradation"
HYD_MAIN,MC_RUN_0053,167.493254,NORMAL,0.056499,58.613126,"MonteCarlo degradation"
HYD_MAIN,MC_RUN_0108,166.889556,NORMAL,0.056391,58.726110,"MonteCarlo degradation"
HYD_MAIN,MC_RUN_0019,166.516449,NORMAL,0.056324,58.796089,"MonteCarlo degradation"
HYD_MAIN,MC_RUN_0074,165.912751,NORMAL,0.056216,58.909561,"MonteCarlo degradation"
HYD_MAIN,MC_RUN_0040,164.935946,NORMAL,0.056041,59.093805,"MonteCarlo degradation"
HYD_MAIN,MC_RUN_0095,164.332248,NORMAL,0.055934,59.208073,"MonteCarlo degradation"
HYD_MAIN,MC_RUN_0006,163.959142,NORMAL,0.055867,59.278848,"MonteCarlo degradation"
AC_HIGH,MC_RUN_0118,16.024870,NORMAL,0.055835,96.362003,"MonteCarlo degradation"
HYD_MAIN,MC_RUN_0061,163.355443,NORMAL,0.055759,59.393611,"MonteCarlo degradation"
HYD_MAIN,MC_RUN_0116,162.751745,NORMAL,0.055652,59.508682,"MonteCarlo degradation"
HYD_MAIN,MC_RUN_0027,162.378639,NORMAL,0.055585,59.579954,"MonteCarlo degradation"
HYD_MAIN,MC_RUN_0082,161.774940,NORMAL,0.055478,59.695526,"MonteCarlo degradation"
HYD_MAIN,MC_RUN_0048,160.798136,NORMAL,0.055305,59.883182,"MonteCarlo degradation"
HYD_MAIN,MC_RUN_0103,160.194437,NORMAL,0.055198,59.999568,"MonteCarlo degradation"
HYD_MAIN,MC_RUN_0014,159.821331,NORMAL,0.055132,60.071655,"MonteCarlo degradation"
HYD_MAIN,MC_RUN_0069,159.217633,NORMAL,0.055025,60.188549,"MonteCarlo degradation"
HYD_MAIN,MC_RUN_0035,158.240828,NORMAL,0.054853,60.378354,"MonteCarlo degradation"
AC_HIGH,MC_RUN_0029,15.991705,NORMAL,0.054775,96.425887,"MonteCarlo degradation"
HYD_MAIN,MC_RUN_0090,157.637130,NORMAL,0.054746,60.496075,"MonteCarlo degradation"
HYD_MAIN,MC_RUN_0001,157.264023,NORMAL,0.054681,60.568989,"MonteCarlo degradation"
HYD_MAIN,MC_RUN_0056,156.660325,NORMAL,0.054574,60.687225,"MonteCarlo degradation"
HYD_MAIN,MC_RUN_0111,156.056627,NORMAL,0.054468,60.805780,"MonteCarlo degradation"
HYD_MAIN,MC_RUN_0022,155.683520,NORMAL,0.054403,60.879212,"MonteCarlo degradation"
HYD_MAIN,MC_RUN_0077,155.079822,NORMAL,0.054297,60.998287,"MonteCarlo degradation"
HYD_MAIN,MC_RUN_0043,154.103017,NORMAL,0.054126,61.191638,"MonteCarlo degradation"
HYD_MAIN,MC_RUN_0098,153.499319,NORMAL,0.054020,61.311560,"MonteCarlo degradation"
HYD_MAIN,MC_RUN_0009,153.126213,NORMAL,0.053955,61.385839,"MonteCarlo degradation"
HYD_MAIN,MC_RUN_0064,152.522514,NORMAL,0.053850,61.506289,"MonteCarlo degradation"
HYD_MAIN,MC_RUN_0119,151.918816,NORMAL,0.053745,61.627066,"MonteCarlo degradation"
HYD_MAIN,MC_RUN_0030,151.545710,NORMAL,0.053680,61.701875,"MonteCarlo degradation"
HYD_MAIN,MC_RUN_0085,150.942011,NORMAL,0.053575,61.823184,"MonteCarlo degradation"
HYD_MAIN,MC_RUN_0051,149.965207,NORMAL,0.053405,62.020168,"MonteCarlo degradation"
HYD_MAIN,MC_RUN_0106,149.361508,NORMAL,0.053300,62.142346,"MonteCarlo degradation"
HYD_MAIN,MC_RUN_0017,148.988402,NORMAL,0.053236,62.218022,"MonteCarlo degradation"
HYD_MAIN,MC_RUN_0072,148.384704,NORMAL,0.053131,62.340740,"MonteCarlo degradation"
AC_HIGH,MC_RUN_0084,15.938043,NORMAL,0.053097,96.529373,"MonteCarlo degradation"
HYD_MAIN,MC_RUN_0038,147.407899,NORMAL,0.052962,62.540013,"MonteCarlo degradation"
HYD_MAIN,MC_RUN_0093,146.804201,NORMAL,0.052858,62.663611,"MonteCarlo degradation"
HYD_MAIN,MC_RUN_0004,146.431094,NORMAL,0.052794,62.740169,"MonteCarlo degradation"
HYD_MAIN,MC_RUN_0059,145.827396,NORMAL,0.052690,62.864316,"MonteCarlo degradation"
HYD_MAIN,MC_RUN_0114,145.223698,NORMAL,0.052586,62.988804,"MonteCarlo degradation"
HYD_MAIN,MC_RUN_0025,144.850591,NORMAL,0.052522,63.065912,"MonteCarlo degradation"
HYD_MAIN,MC_RUN_0080,144.246893,NORMAL,0.052418,63.190954,"MonteCarlo degradation"
HYD_MAIN,MC_RUN_0046,143.270088,NORMAL,0.052251,63.394004,"MonteCarlo degradation"
HYD_MAIN,MC_RUN_0101,142.666390,NORMAL,0.052148,63.519948,"MonteCarlo degradation"
HYD_MAIN,MC_RUN_0012,142.293284,NORMAL,0.052084,63.597959,"MonteCarlo degradation"
HYD_MAIN,MC_RUN_0067,141.689585,NORMAL,0.051981,63.724465,"MonteCarlo degradation"
HYD_MAIN,MC_RUN_0033,140.712781,NORMAL,0.051814,63.929896,"MonteCarlo degradation"
HYD_MAIN,MC_RUN_0088,140.109082,NORMAL,0.051711,64.057318,"MonteCarlo degradation"
HYD_MAIN,MC_RUN_0054,139.132278,NORMAL,0.051545,64.264239,"MonteCarlo degradation"
HYD_MAIN,MC_RUN_0109,138.528579,NORMAL,0.051443,64.392586,"MonteCarlo degradation"
HYD_MAIN,MC_RUN_0020,138.155473,NORMAL,0.051380,64.472087,"MonteCarlo degradation"
HYD_MAIN,MC_RUN_0075,137.551775,NORMAL,0.051277,64.601010,"MonteCarlo degradation"
HYD_MAIN,MC_RUN_0041,136.574970,NORMAL,0.051112,64.810371,"MonteCarlo degradation"
HYD_MAIN,MC_RUN_0096,135.971272,NORMAL,0.051010,64.940234,"MonteCarlo degradation"
HYD_MAIN,MC_RUN_0007,135.598165,NORMAL,0.050947,65.020673,"MonteCarlo degradation"
HYD_MAIN,MC_RUN_0062,135.000000,NORMAL,0.050846,65.151121,"MonteCarlo degradation"
HYD_MAIN,MC_RUN_0117,135.000000,NORMAL,0.050744,65.281931,"MonteCarlo degradation"
HYD_MAIN,MC_RUN_0028,135.000000,NORMAL,0.050681,65.362959,"MonteCarlo degradation"
HYD_MAIN,MC_RUN_0083,135.000000,NORMAL,0.050580,65.494360,"MonteCarlo degradation"
AC_HIGH,MC_RUN_0050,15.851216,NORMAL,0.050485,96.697135,"MonteCarlo degradation"
HYD_MAIN,MC_RUN_0049,135.000000,NORMAL,0.050416,65.707748,"MonteCarlo degradation"
HYD_MAIN,MC_RUN_0104,135.000000,NORMAL,0.050315,65.840111,"MonteCarlo degradation"
HYD_MAIN,MC_RUN_0015,135.000000,NORMAL,0.050253,65.922101,"MonteCarlo degradation"
HYD_MAIN,MC_RUN_0070,135.000000,NORMAL,0.050152,66.055064,"MonteCarlo degradation"
HYD_MAIN,MC_RUN_0036,135.000000,NORMAL,0.049989,66.270992,"MonteCarlo degradation"
HYD_MAIN,MC_RUN_0091,135.000000,NORMAL,0.049888,66.404933,"MonteCarlo degradation"
HYD_MAIN,MC_RUN_0002,135.000000,NORMAL,0.049826,66.487900,"MonteCarlo degradation"
HYD_MAIN,MC_RUN_0057,135.000000,NORMAL,0.049726,66.622449,"MonteCarlo degradation"
HYD_MAIN,MC_RUN_0112,135.000000,NORMAL,0.049626,66.757377,"MonteCarlo degradation"
HYD_MAIN,MC_RUN_0023,135.000000,NORMAL,0.049564,66.840956,"MonteCarlo degradation"
HYD_MAIN,MC_RUN_0078,135.000000,NORMAL,0.049464,66.976498,"MonteCarlo degradation"
HYD_MAIN,MC_RUN_0044,135.000000,NORMAL,0.049302,67.196618,"MonteCarlo degradation"
HYD_MAIN,MC_RUN_0099,135.000000,NORMAL,0.049202,67.333162,"MonteCarlo degradation"
HYD_MAIN,MC_RUN_0010,135.000000,NORMAL,0.049141,67.417744,"MonteCarlo degradation"
HYD_MAIN,MC_RUN_0065,135.000000,NORMAL,0.049041,67.554912,"MonteCarlo degradation"
AC_HIGH,MC_RUN_0105,15.797554,NORMAL,0.048935,96.801013,"MonteCarlo degradation"
HYD_MAIN,MC_RUN_0031,135.000000,NORMAL,0.048881,67.777676,"MonteCarlo degradation"
HYD_MAIN,MC_RUN_0086,135.000000,NORMAL,0.048781,67.915862,"MonteCarlo degradation"
HYD_MAIN,MC_RUN_0052,135.000000,NORMAL,0.048621,68.140281,"MonteCarlo degradation"
HYD_MAIN,MC_RUN_0107,135.000000,NORMAL,0.048522,68.279495,"MonteCarlo degradation"
HYD_MAIN,MC_RUN_0018,135.000000,NORMAL,0.048461,68.365731,"MonteCarlo degradation"
HYD_MAIN,MC_RUN_0073,135.000000,NORMAL,0.048363,68.505585,"MonteCarlo degradation"
HYD_MAIN,MC_RUN_0039,135.000000,NORMAL,0.048203,68.732715,"MonteCarlo degradation"
HYD_MAIN,MC_RUN_0094,135.000000,NORMAL,0.048105,68.873612,"MonteCarlo degradation"
HYD_MAIN,MC_RUN_0005,135.000000,NORMAL,0.048044,68.960892,"MonteCarlo degradation"
AC_HIGH,MC_RUN_0016,15.764389,NORMAL,0.048002,96.865289,"MonteCarlo degradation"
HYD_MAIN,MC_RUN_0060,135.000000,NORMAL,0.047946,69.102440,"MonteCarlo degradation"
HYD_MAIN,MC_RUN_0115,135.000000,NORMAL,0.047848,69.244391,"MonteCarlo degradation"
HYD_MAIN,MC_RUN_0026,135.000000,NORMAL,0.047787,69.332324,"MonteCarlo degradation"
HYD_MAIN,MC_RUN_0081,135.000000,NORMAL,0.047690,69.474932,"MonteCarlo degradation"
HYD_MAIN,MC_RUN_0047,135.000000,NORMAL,0.047532,69.706540,"MonteCarlo degradation"
HYD_MAIN,MC_RUN_0102,135.000000,NORMAL,0.047434,69.850218,"MonteCarlo degradation"
HYD_MAIN,MC_RUN_0013,135.000000,NORMAL,0.047374,69.939222,"MonteCarlo degradation"
HYD_MAIN,MC_RUN_0068,135.000000,NORMAL,0.047277,70.083567,"MonteCarlo degradation"
HYD_MAIN,MC_RUN_0034,135.000000,NORMAL,0.047119,70.318000,"MonteCarlo degradation"
HYD_MAIN,MC_RUN_0089,135.000000,NORMAL,0.047022,70.463433,"MonteCarlo degradation"
HYD_MAIN,MC_RUN_0000,135.000000,NORMAL,0.046963,70.553524,"MonteCarlo degradation"
AC_HIGH,MC_RUN_0071,15.710727,NORMAL,0.046536,96.969410,"MonteCarlo degradation"
AC_HIGH,MC_RUN_0037,15.623900,NORMAL,0.044280,97.138201,"MonteCarlo degradation"
AC_HIGH,MC_RUN_0092,15.570238,NORMAL,0.042960,97.242718,"MonteCarlo degradation"
AC_HIGH,MC_RUN_0003,15.537073,NORMAL,0.042174,97.307388,"MonteCarlo degradation"
AC_HIGH,MC_RUN_0058,15.483411,NORMAL,0.040952,97.412150,"MonteCarlo degradation"
AC_HIGH,MC_RUN_0113,15.429749,NORMAL,0.039795,97.517063,"MonteCarlo degradation"
AC_HIGH,MC_RUN_0024,15.396584,NORMAL,0.039114,97.581979,"MonteCarlo degradation"
AC_HIGH,MC_RUN_0079,15.342922,NORMAL,0.038070,97.687138,"MonteCarlo degradation"
AC_HIGH,MC_RUN_0045,15.256095,NORMAL,0.036546,97.857613,"MonteCarlo degradation"
AC_HIGH,MC_RUN_0100,15.202433,NORMAL,0.035718,97.963172,"MonteCarlo degradation"
ENG_OIL,MC_RUN_0055,4.385690,NORMAL,0.035515,93.355448,"MonteCarlo degradation"
ENG_OIL,MC_RUN_0110,4.371380,NORMAL,0.035461,93.497168,"MonteCarlo degradation"
ENG_OIL,MC_RUN_0021,4.362536,NORMAL,0.035428,93.584901,"MonteCarlo degradation"
ENG_OIL,MC_RUN_0076,4.348226,NORMAL,0.035374,93.727092,"MonteCarlo degradation"
ENG_OIL,MC_RUN_0042,4.325072,NORMAL,0.035287,93.957782,"MonteCarlo degradation"
AC_HIGH,MC_RUN_0011,15.169268,NORMAL,0.035255,98.028488,"MonteCarlo degradation"
ENG_OIL,MC_RUN_0097,4.310763,NORMAL,0.035234,94.100741,"MonteCarlo degradation"
ENG_OIL,MC_RUN_0008,4.301919,NORMAL,0.035201,94.189241,"MonteCarlo degradation"
ENG_OIL,MC_RUN_0063,4.287609,NORMAL,0.035147,94.332677,"MonteCarlo degradation"
ENG_OIL,MC_RUN_0118,4.273299,NORMAL,0.035094,94.476408,"MonteCarlo degradation"
ENG_OIL,MC_RUN_0029,4.264455,NORMAL,0.035061,94.565387,"MonteCarlo degradation"
ENG_OIL,MC_RUN_0084,4.250145,NORMAL,0.035008,94.709599,"MonteCarlo degradation"
ENG_OIL,MC_RUN_0050,4.226991,NORMAL,0.034922,94.943569,"MonteCarlo degradation"
ENG_OIL,MC_RUN_0105,4.212681,NORMAL,0.034869,95.088562,"MonteCarlo degradation"
ENG_OIL,MC_RUN_0016,4.203837,NORMAL,0.034836,95.178323,"MonteCarlo degradation"
ENG_OIL,MC_RUN_0071,4.189527,NORMAL,0.034783,95.323801,"MonteCarlo degradation"
ENG_OIL,MC_RUN_0037,4.166373,NORMAL,0.034697,95.559828,"MonteCarlo degradation"
ENG_OIL,MC_RUN_0092,4.152063,NORMAL,0.034644,95.706097,"MonteCarlo degradation"
ENG_OIL,MC_RUN_0003,4.143219,NORMAL,0.034611,95.796647,"MonteCarlo degradation"
AC_HIGH,MC_RUN_0066,15.115605,NORMAL,0.034596,98.134295,"MonteCarlo degradation"
ENG_OIL,MC_RUN_0058,4.128910,NORMAL,0.034558,95.943407,"MonteCarlo degradation"
ENG_OIL,MC_RUN_0113,4.114600,NORMAL,0.034506,96.090471,"MonteCarlo degradation"
ENG_OIL,MC_RUN_0024,4.105756,NORMAL,0.034473,96.181514,"MonteCarlo degradation"
ENG_OIL,MC_RUN_0079,4.091446,NORMAL,0.034420,96.329073,"MonteCarlo degradation"
ENG_OIL,MC_RUN_0045,4.068292,NORMAL,0.034335,96.568477,"MonteCarlo degradation"
ENG_OIL,MC_RUN_0100,4.053982,NORMAL,0.034283,96.716841,"MonteCarlo degradation"
ENG_OIL,MC_RUN_0011,4.045138,NORMAL,0.034250,96.808688,"MonteCarlo degradation"
ENG_OIL,MC_RUN_0066,4.030828,NORMAL,0.034198,96.957551,"MonteCarlo degradation"
ENG_OIL,MC_RUN_0032,4.007674,NORMAL,0.034113,97.199074,"MonteCarlo degradation"
ENG_OIL,MC_RUN_0087,3.993364,NORMAL,0.034061,97.348750,"MonteCarlo degradation"
ENG_OIL,MC_RUN_0053,3.970210,NORMAL,0.033976,97.591594,"MonteCarlo degradation"
ENG_OIL,MC_RUN_0108,3.955901,NORMAL,0.033924,97.742090,"MonteCarlo degradation"
ENG_OIL,MC_RUN_0019,3.947057,NORMAL,0.033891,97.835258,"MonteCarlo degradation"
ENG_OIL,MC_RUN_0074,3.932747,NORMAL,0.033839,97.986263,"MonteCarlo degradation"
AC_HIGH,MC_RUN_0032,15.028778,NORMAL,0.033830,98.305821,"MonteCarlo degradation"
ENG_OIL,MC_RUN_0040,3.909593,NORMAL,0.033755,98.231263,"MonteCarlo degradation"
ENG_OIL,MC_RUN_0095,3.895283,NORMAL,0.033703,98.383097,"MonteCarlo degradation"
AC_HIGH,MC_RUN_0087,14.975116,NORMAL,0.033693,98.412031,"MonteCarlo degradation"
ENG_OIL,MC_RUN_0006,3.886439,NORMAL,0.033671,98.477094,"MonteCarlo degradation"
AC_HIGH,MC_RUN_0053,14.888289,NORMAL,0.033634,98.584211,"MonteCarlo degradation"
ENG_OIL,MC_RUN_0061,3.872129,NORMAL,0.033619,98.629442,"MonteCarlo degradation"
AC_HIGH,MC_RUN_0108,14.834627,NORMAL,0.033598,98.690826,"MonteCarlo degradation"
AC_HIGH,MC_RUN_0019,14.801462,NORMAL,0.033576,98.756795,"MonteCarlo degradation"
ENG_OIL,MC_RUN_0116,3.857819,NORMAL,0.033567,98.782110,"MonteCarlo degradation"
AC_HIGH,MC_RUN_0074,14.747800,NORMAL,0.033540,98.863662,"MonteCarlo degradation"
ENG_OIL,MC_RUN_0027,3.848975,NORMAL,0.033535,98.876623,"MonteCarlo degradation"
ENG_OIL,MC_RUN_0082,3.834665,NORMAL,0.033483,99.029809,"MonteCarlo degradation"
AC_HIGH,MC_RUN_0040,14.660973,NORMAL,0.033481,99.036906,"MonteCarlo degradation"
AC_HIGH,MC_RUN_0095,14.607311,NORMAL,0.033445,99.144180,"MonteCarlo degradation"
AC_HIGH,MC_RUN_0006,14.574146,NORMAL,0.033423,99.210558,"MonteCarlo degradation"
ENG_OIL,MC_RUN_0048,3.811511,NORMAL,0.033400,99.278351,"MonteCarlo degradation"
AC_HIGH,MC_RUN_0061,14.520484,NORMAL,0.033386,99.318086,"MonteCarlo degradation"
AC_HIGH,MC_RUN_0116,14.466822,NORMAL,0.033350,99.425770,"MonteCarlo degradation"
ENG_OIL,MC_RUN_0103,3.797201,NORMAL,0.033348,99.432381,"MonteCarlo degradation"
AC_HIGH,MC_RUN_0027,14.433657,NORMAL,0.033328,99.492402,"MonteCarlo degradation"
ENG_OIL,MC_RUN_0014,3.788357,NORMAL,0.033316,99.527739,"MonteCarlo degradation"
AC_HIGH,MC_RUN_0082,14.379995,NORMAL,0.033292,99.600341,"MonteCarlo degradation"
ENG_OIL,MC_RUN_0069,3.774048,NORMAL,0.033265,99.682293,"MonteCarlo degradation"
AC_HIGH,MC_RUN_0048,14.293168,NORMAL,0.033234,99.775324,"MonteCarlo degradation"
AC_HIGH,MC_RUN_0103,14.239506,NORMAL,0.033198,99.883677,"MonteCarlo degradation"
ENG_OIL,MC_RUN_0035,3.750894,NORMAL,0.033181,99.933056,"MonteCarlo degradation"
AC_HIGH,MC_RUN_0014,14.206341,NORMAL,0.033175,99.950722,"MonteCarlo degradation"
AC_HIGH,MC_RUN_0069,14.152678,NORMAL,0.033140,100.059331,"MonteCarlo degradation"
ENG_OIL,MC_RUN_0090,3.736584,NORMAL,0.033130,100.088464,"MonteCarlo degradation"
ENG_OIL,MC_RUN_0001,3.727740,NORMAL,0.033098,100.184674,"MonteCarlo degradation"
AC_HIGH,MC_RUN_0035,14.065851,NORMAL,0.033081,100.235400,"MonteCarlo degradation"
ENG_OIL,MC_RUN_0056,3.713430,NORMAL,0.033047,100.340612,"MonteCarlo degradation"
AC_HIGH,MC_RUN_0090,14.012189,NORMAL,0.033046,100.344426,"MonteCarlo degradation"
AC_HIGH,MC_RUN_0001,13.979024,NORMAL,0.033023,100.411887,"MonteCarlo degradation"
ENG_OIL,MC_RUN_0111,3.699120,NORMAL,0.032996,100.496879,"MonteCarlo degradation"
AC_HIGH,MC_RUN_0056,13.925362,NORMAL,0.032988,100.521171,"MonteCarlo degradation"
ENG_OIL,MC_RUN_0022,3.690276,NORMAL,0.032964,100.593622,"MonteCarlo degradation"
AC_HIGH,MC_RUN_0111,13.871700,NORMAL,0.032952,100.630615,"MonteCarlo degradation"
AC_HIGH,MC_RUN_0022,13.838535,NORMAL,0.032930,100.698335,"MonteCarlo degradation"
ENG_OIL,MC_RUN_0077,3.675966,NORMAL,0.032913,100.750423,"MonteCarlo degradation"
AC_HIGH,MC_RUN_0077,13.784873,NORMAL,0.032894,100.808039,"MonteCarlo degradation"
AC_HIGH,MC_RUN_0043,13.698046,NORMAL,0.032836,100.985884,"MonteCarlo degradation"
ENG_OIL,MC_RUN_0043,3.652812,NORMAL,0.032830,101.004835,"MonteCarlo degradation"
AC_HIGH,MC_RUN_0098,13.644384,NORMAL,0.032800,101.096010,"MonteCarlo degradation"
ENG_OIL,MC_RUN_0098,3.638502,NORMAL,0.032779,101.162505,"MonteCarlo degradation"
AC_HIGH,MC_RUN_0009,13.611219,NORMAL,0.032778,101.164152,"MonteCarlo degradation"
ENG_OIL,MC_RUN_0009,3.629658,NORMAL,0.032747,101.260117,"MonteCarlo degradation"
AC_HIGH,MC_RUN_0064,13.557557,NORMAL,0.032743,101.274539,"MonteCarlo degradation"
AC_HIGH,MC_RUN_0119,13.503895,NORMAL,0.032715,101.360840,"MonteCarlo degradation"
AC_HIGH,MC_RUN_0030,13.470730,NORMAL,0.032699,101.408574,"MonteCarlo degradation"
ENG_OIL,MC_RUN_0064,3.615348,NORMAL,0.032696,101.418327,"MonteCarlo degradation"
AC_HIGH,MC_RUN_0085,13.417068,NORMAL,0.032681,101.465472,"MonteCarlo degradation"
AC_HIGH,MC_RUN_0051,13.330241,NORMAL,0.032666,101.513354,"MonteCarlo degradation"
AC_HIGH,MC_RUN_0106,13.276579,NORMAL,0.032656,101.542970,"MonteCarlo degradation"
AC_HIGH,MC_RUN_0017,13.243414,NORMAL,0.032650,101.561282,"MonteCarlo degradation"
ENG_OIL,MC_RUN_0119,3.601039,NORMAL,0.032645,101.576873,"MonteCarlo degradation"
AC_HIGH,MC_RUN_0072,13.189751,NORMAL,0.032641,101.590925,"MonteCarlo degradation"
AC_HIGH,MC_RUN_0038,13.102924,NORMAL,0.032625,101.638926,"MonteCarlo degradation"
AC_HIGH,MC_RUN_0093,13.049262,NORMAL,0.032616,101.668615,"MonteCarlo degradation"
ENG_OIL,MC_RUN_0030,3.592195,NORMAL,0.032614,101.675027,"MonteCarlo degradation"
AC_HIGH,MC_RUN_0004,13.016097,NORMAL,0.032610,101.686972,"MonteCarlo degradation"
AC_HIGH,MC_RUN_0059,12.962435,NORMAL,0.032601,101.716688,"MonteCarlo degradation"
AC_HIGH,MC_RUN_0114,12.908773,NORMAL,0.032591,101.746423,"MonteCarlo degradation"
AC_HIGH,MC_RUN_0025,12.875608,NORMAL,0.032585,101.764808,"MonteCarlo degradation"
AC_HIGH,MC_RUN_0080,12.821946,NORMAL,0.032576,101.794570,"MonteCarlo degradation"
ENG_OIL,MC_RUN_0085,3.577885,NORMAL,0.032563,101.834116,"MonteCarlo degradation"
AC_HIGH,MC_RUN_0046,12.735119,NORMAL,0.032560,101.842763,"MonteCarlo degradation"
AC_HIGH,MC_RUN_0101,12.681457,NORMAL,0.032551,101.872571,"MonteCarlo degradation"
AC_HIGH,MC_RUN_0012,12.648292,NORMAL,0.032545,101.891001,"MonteCarlo degradation"
AC_HIGH,MC_RUN_0067,12.594630,NORMAL,0.032535,101.920837,"MonteCarlo degradation"
AC_HIGH,MC_RUN_0033,12.507803,NORMAL,0.032520,101.969150,"MonteCarlo degradation"
AC_HIGH,MC_RUN_0088,12.454141,NORMAL,0.032510,101.999031,"MonteCarlo degradation"
AC_HIGH,MC_RUN_0054,12.367314,NORMAL,0.032495,102.047418,"MonteCarlo degradation"
AC_HIGH,MC_RUN_0109,12.313651,NORMAL,0.032486,102.077345,"MonteCarlo degradation"
ENG_OIL,MC_RUN_0051,3.554731,NORMAL,0.032481,102.092243,"MonteCarlo degradation"
AC_HIGH,MC_RUN_0020,12.280486,NORMAL,0.032480,102.095850,"MonteCarlo degradation"
AC_HIGH,MC_RUN_0075,12.226824,NORMAL,0.032470,102.125806,"MonteCarlo degradation"
AC_HIGH,MC_RUN_0041,12.139997,NORMAL,0.032455,102.174312,"MonteCarlo degradation"
AC_HIGH,MC_RUN_0096,12.086335,NORMAL,0.032445,102.204314,"MonteCarlo degradation"
AC_HIGH,MC_RUN_0007,12.053170,NORMAL,0.032439,102.222865,"MonteCarlo degradation"
ENG_OIL,MC_RUN_0106,3.540421,NORMAL,0.032430,102.252218,"MonteCarlo degradation"
AC_HIGH,MC_RUN_0062,12.000000,NORMAL,0.032430,102.252895,"MonteCarlo degradation"
AC_HIGH,MC_RUN_0117,12.000000,NORMAL,0.032420,102.282943,"MonteCarlo degradation"
AC_HIGH,MC_RUN_0028,12.000000,NORMAL,0.032415,102.301522,"MonteCarlo degradation"
AC_HIGH,MC_RUN_0083,12.000000,NORMAL,0.032405,102.331599,"MonteCarlo degradation"
ENG_OIL,MC_RUN_0017,3.531577,NORMAL,0.032399,102.351258,"MonteCarlo degradation"
AC_HIGH,MC_RUN_0049,12.000000,NORMAL,0.032390,102.380301,"MonteCarlo degradation"
AC_HIGH,MC_RUN_0104,12.000000,NORMAL,0.032380,102.410423,"MonteCarlo degradation"
AC_HIGH,MC_RUN_0015,12.000000,NORMAL,0.032374,102.429049,"MonteCarlo degradation"
AC_HIGH,MC_RUN_0070,12.000000,NORMAL,0.032365,102.459200,"MonteCarlo degradation"
ENG_OIL,MC_RUN_0072,3.517267,NORMAL,0.032353,102.497432,"MonteCarlo degradation"
AC_HIGH,MC_RUN_0036,12.000000,NORMAL,0.032349,102.508024,"MonteCarlo degradation"
AC_HIGH,MC_RUN_0091,12.000000,NORMAL,0.032340,102.538221,"MonteCarlo degradation"
AC_HIGH,MC_RUN_0002,12.000000,NORMAL,0.032334,102.556893,"MonteCarlo degradation"
AC_HIGH,MC_RUN_0057,12.000000,NORMAL,0.032324,102.587120,"MonteCarlo degradation"
AC_HIGH,MC_RUN_0112,12.000000,NORMAL,0.032315,102.617364,"MonteCarlo degradation"
ENG_OIL,MC_RUN_0038,3.494113,NORMAL,0.032309,102.636041,"MonteCarlo degradation"
AC_HIGH,MC_RUN_0023,12.000000,NORMAL,0.032309,102.636065,"MonteCarlo degradation"
AC_HIGH,MC_RUN_0078,12.000000,NORMAL,0.032300,102.666338,"MonteCarlo degradation"
AC_HIGH,MC_RUN_0044,12.000000,NORMAL,0.032284,102.715359,"MonteCarlo degradation"
ENG_OIL,MC_RUN_0093,3.479803,NORMAL,0.032282,102.721918,"MonteCarlo degradation"
AC_HIGH,MC_RUN_0099,12.000000,NORMAL,0.032275,102.745679,"MonteCarlo degradation"
AC_HIGH,MC_RUN_0010,12.000000,NORMAL,0.032269,102.764426,"MonteCarlo degradation"
ENG_OIL,MC_RUN_0004,3.470959,NORMAL,0.032265,102.775074,"MonteCarlo degradation"
AC_HIGH,MC_RUN_0065,12.000000,NORMAL,0.032259,102.794775,"MonteCarlo degradation"
AC_HIGH,MC_RUN_0031,12.000000,NORMAL,0.032244,102.843918,"MonteCarlo degradation"
ENG_OIL,MC_RUN_0059,3.456649,NORMAL,0.032238,102.861213,"MonteCarlo degradation"
AC_HIGH,MC_RUN_0086,12.000000,NORMAL,0.032234,102.874314,"MonteCarlo degradation"
AC_HIGH,MC_RUN_0052,12.000000,NORMAL,0.032219,102.923533,"MonteCarlo degradation"
ENG_OIL,MC_RUN_0114,3.442339,NORMAL,0.032211,102.947515,"MonteCarlo degradation"
AC_HIGH,MC_RUN_0107,12.000000,NORMAL,0.032209,102.953975,"MonteCarlo degradation"
AC_HIGH,MC_RUN_0018,12.000000,NORMAL,0.032204,102.972799,"MonteCarlo degradation"
ENG_OIL,MC_RUN_0025,3.433496,NORMAL,0.032195,103.000935,"MonteCarlo degradation"
AC_HIGH,MC_RUN_0073,12.000000,NORMAL,0.032194,103.003271,"MonteCarlo degradation"
AC_HIGH,MC_RUN_0039,12.000000,NORMAL,0.032179,103.052613,"MonteCarlo degradation"
AC_HIGH,MC_RUN_0094,12.000000,NORMAL,0.032169,103.083132,"MonteCarlo degradation"
ENG_OIL,MC_RUN_0080,3.419186,NORMAL,0.032168,103.087501,"MonteCarlo degradation"
AC_HIGH,MC_RUN_0005,12.000000,NORMAL,0.032163,103.102003,"MonteCarlo degradation"
AC_HIGH,MC_RUN_0060,12.000000,NORMAL,0.032154,103.132551,"MonteCarlo degradation"
AC_HIGH,MC_RUN_0115,12.000000,NORMAL,0.032144,103.163117,"MonteCarlo degradation"
AC_HIGH,MC_RUN_0026,12.000000,NORMAL,0.032138,103.182017,"MonteCarlo degradation"
AC_HIGH,MC_RUN_0081,12.000000,NORMAL,0.032129,103.212612,"MonteCarlo degradation"
ENG_OIL,MC_RUN_0046,3.396032,NORMAL,0.032124,103.227914,"MonteCarlo degradation"
AC_HIGH,MC_RUN_0047,12.000000,NORMAL,0.032113,103.262155,"MonteCarlo degradation"
AC_HIGH,MC_RUN_0102,12.000000,NORMAL,0.032104,103.292798,"MonteCarlo degradation"
AC_HIGH,MC_RUN_0013,12.000000,NORMAL,0.032098,103.311746,"MonteCarlo degradation"
ENG_OIL,MC_RUN_0101,3.381722,NORMAL,0.032097,103.314909,"MonteCarlo degradation"
AC_HIGH,MC_RUN_0068,12.000000,NORMAL,0.032089,103.342418,"MonteCarlo degradation"
ENG_OIL,MC_RUN_0012,3.372878,NORMAL,0.032080,103.368758,"MonteCarlo degradation"
AC_HIGH,MC_RUN_0034,12.000000,NORMAL,0.032073,103.392085,"MonteCarlo degradation"
AC_HIGH,MC_RUN_0089,12.000000,NORMAL,0.032064,103.422805,"MonteCarlo degradation"
AC_HIGH,MC_RUN_0000,12.000000,NORMAL,0.032058,103.441800,"MonteCarlo degradation"
ENG_OIL,MC_RUN_0067,3.358568,NORMAL,0.032053,103.456019,"MonteCarlo degradation"
ENG_OIL,MC_RUN_0033,3.335414,NORMAL,0.032010,103.597562,"MonteCarlo degradation"
ENG_OIL,MC_RUN_0088,3.321104,NORMAL,0.031983,103.685258,"MonteCarlo degradation"
ENG_OIL,MC_RUN_0054,3.297950,NORMAL,0.031939,103.827504,"MonteCarlo degradation"
ENG_OIL,MC_RUN_0109,3.283640,NORMAL,0.031912,103.915635,"MonteCarlo degradation"
ENG_OIL,MC_RUN_0020,3.274796,NORMAL,0.031895,103.970187,"MonteCarlo degradation"
ENG_OIL,MC_RUN_0075,3.260487,NORMAL,0.031868,104.058590,"MonteCarlo degradation"
ENG_OIL,MC_RUN_0041,3.237333,NORMAL,0.031824,104.201983,"MonteCarlo degradation"
ENG_OIL,MC_RUN_0096,3.223023,NORMAL,0.031797,104.290826,"MonteCarlo degradation"
ENG_OIL,MC_RUN_0007,3.214179,NORMAL,0.031781,104.345819,"MonteCarlo degradation"
ENG_OIL,MC_RUN_0062,3.200000,NORMAL,0.031754,104.434935,"MonteCarlo degradation"
ENG_OIL,MC_RUN_0117,3.200000,NORMAL,0.031726,104.524221,"MonteCarlo degradation"
ENG_OIL,MC_RUN_0028,3.200000,NORMAL,0.031710,104.579488,"MonteCarlo degradation"
ENG_OIL,MC_RUN_0083,3.200000,NORMAL,0.031683,104.669049,"MonteCarlo degradation"
ENG_OIL,MC_RUN_0049,3.200000,NORMAL,0.031639,104.814323,"MonteCarlo degradation"
ENG_OIL,MC_RUN_0104,3.200000,NORMAL,0.031612,104.904332,"MonteCarlo degradation"
ENG_OIL,MC_RUN_0015,3.200000,NORMAL,0.031595,104.960047,"MonteCarlo degradation"
ENG_OIL,MC_RUN_0070,3.200000,NORMAL,0.031568,105.050333,"MonteCarlo degradation"
ENG_OIL,MC_RUN_0036,3.200000,NORMAL,0.031524,105.196786,"MonteCarlo degradation"
ENG_OIL,MC_RUN_0091,3.200000,NORMAL,0.031497,105.287524,"MonteCarlo degradation"
ENG_OIL,MC_RUN_0002,3.200000,NORMAL,0.031480,105.343691,"MonteCarlo degradation"
ENG_OIL,MC_RUN_0057,3.200000,NORMAL,0.031453,105.434711,"MonteCarlo degradation"
ENG_OIL,MC_RUN_0112,3.200000,NORMAL,0.031426,105.525904,"MonteCarlo degradation"
ENG_OIL,MC_RUN_0023,3.200000,NORMAL,0.031409,105.582352,"MonteCarlo degradation"
ENG_OIL,MC_RUN_0078,3.200000,NORMAL,0.031382,105.673828,"MonteCarlo degradation"
ENG_OIL,MC_RUN_0044,3.200000,NORMAL,0.031338,105.822211,"MonteCarlo degradation"
ENG_OIL,MC_RUN_0099,3.200000,NORMAL,0.031311,105.914147,"MonteCarlo degradation"
ENG_OIL,MC_RUN_0010,3.200000,NORMAL,0.031294,105.971054,"MonteCarlo degradation"
ENG_OIL,MC_RUN_0065,3.200000,NORMAL,0.031267,106.063276,"MonteCarlo degradation"
ENG_OIL,MC_RUN_0031,3.200000,NORMAL,0.031223,106.212867,"MonteCarlo degradation"
ENG_OIL,MC_RUN_0086,3.200000,NORMAL,0.031196,106.305552,"MonteCarlo degradation"
ENG_OIL,MC_RUN_0052,3.200000,NORMAL,0.031152,106.455897,"MonteCarlo degradation"
ENG_OIL,MC_RUN_0107,3.200000,NORMAL,0.031125,106.549050,"MonteCarlo degradation"
ENG_OIL,MC_RUN_0018,3.200000,NORMAL,0.031108,106.606710,"MonteCarlo degradation"
ENG_OIL,MC_RUN_0073,3.200000,NORMAL,0.031081,106.700152,"MonteCarlo degradation"
ENG_OIL,MC_RUN_0039,3.200000,NORMAL,0.031037,106.851726,"MonteCarlo degradation"
ENG_OIL,MC_RUN_0094,3.200000,NORMAL,0.031009,106.945640,"MonteCarlo degradation"
ENG_OIL,MC_RUN_0005,3.200000,NORMAL,0.030993,107.003773,"MonteCarlo degradation"
ENG_OIL,MC_RUN_0060,3.200000,NORMAL,0.030965,107.097980,"MonteCarlo degradation"
ENG_OIL,MC_RUN_0115,3.200000,NORMAL,0.030938,107.192368,"MonteCarlo degradation"
ENG_OIL,MC_RUN_0026,3.200000,NORMAL,0.030921,107.250795,"MonteCarlo degradation"
ENG_OIL,MC_RUN_0081,3.200000,NORMAL,0.030894,107.345478,"MonteCarlo degradation"
ENG_OIL,MC_RUN_0047,3.200000,NORMAL,0.030850,107.499066,"MonteCarlo degradation"
ENG_OIL,MC_RUN_0102,3.200000,NORMAL,0.030823,107.594229,"MonteCarlo degradation"
ENG_OIL,MC_RUN_0013,3.200000,NORMAL,0.030806,107.653135,"MonteCarlo degradation"
ENG_OIL,MC_RUN_0068,3.200000,NORMAL,0.030779,107.748596,"MonteCarlo degradation"
ENG_OIL,MC_RUN_0034,3.200000,NORMAL,0.030735,107.903447,"MonteCarlo degradation"
ENG_OIL,MC_RUN_0089,3.200000,NORMAL,0.030707,107.999392,"MonteCarlo degradation"
ENG_OIL,MC_RUN_0000,3.200000,NORMAL,0.030690,108.058782,"MonteCarlo degradation"
